participant_id,task,emotion,AOI,probability
ADA,Categorisation,AN,Eyes,0.2
ADA,Categorisation,AN,NA,0.6
ADA,Categorisation,AN,Outside,0.2
ADA,Categorisation,NE,Eyes,0.2
ADA,Categorisation,NE,NA,0.2
ADA,Categorisation,NE,Nose,0.2
ADA,Categorisation,NE,Outside,0.4
ADA,Valence,AN,Eyes,0.6
ADA,Valence,AN,NA,0.4
ADA,Valence,NE,Eyes,0.3
ADA,Valence,NE,NA,0.3
ADA,Valence,NE,Nose,0.3
ADA,Valence,NE,Outside,0.1
ANT,Arousal,AN,Mouth,0.1
ANT,Arousal,AN,NA,0.5
ANT,Arousal,AN,Nose,0.3
ANT,Arousal,AN,Outside,0.1
ANT,Arousal,HA,Nose,1.0
ANT,Categorisation,AN,Eyes,0.2
ANT,Categorisation,AN,Mouth,0.26666666666666666
ANT,Categorisation,AN,NA,0.2
ANT,Categorisation,AN,Nose,0.2
ANT,Categorisation,AN,Outside,0.13333333333333333
ANT,Categorisation,HA,Eyes,0.4
ANT,Categorisation,HA,Nose,0.6
ANT,Categorisation,NE,NA,0.2
ANT,Categorisation,NE,Outside,0.8
ANT,Valence,AN,Eyes,0.3333333333333333
ANT,Valence,AN,NA,0.2
ANT,Valence,AN,Nose,0.3333333333333333
ANT,Valence,AN,Outside,0.13333333333333333
ANT,Valence,HA,Eyes,0.4
ANT,Valence,HA,Nose,0.4
ANT,Valence,HA,Outside,0.2
ANT,Valence,NE,Eyes,0.4
ANT,Valence,NE,NA,0.6
AUN,Arousal,AN,Eyes,0.3
AUN,Arousal,AN,NA,0.3
AUN,Arousal,AN,Nose,0.3
AUN,Arousal,AN,Outside,0.1
AUN,Arousal,HA,NA,0.6
AUN,Arousal,HA,Outside,0.4
AUN,Arousal,NE,Eyes,0.15
AUN,Arousal,NE,NA,0.5
AUN,Arousal,NE,Nose,0.2
AUN,Arousal,NE,Outside,0.15
AUN,Categorisation,AN,Eyes,0.2
AUN,Categorisation,AN,NA,0.8
AUN,Categorisation,HA,Eyes,0.2
AUN,Categorisation,HA,NA,0.4
AUN,Categorisation,HA,Nose,0.4
AUN,Valence,AN,Eyes,0.1
AUN,Valence,AN,NA,0.8
AUN,Valence,AN,Outside,0.1
AUN,Valence,HA,Eyes,0.4
AUN,Valence,HA,NA,0.2
AUN,Valence,HA,Outside,0.4
AUN,Valence,NE,Eyes,0.2
AUN,Valence,NE,NA,0.8
AYA,Arousal,NE,NA,0.8
AYA,Arousal,NE,Outside,0.2
AYA,Categorisation,HA,NA,0.8
AYA,Categorisation,HA,Outside,0.2
AYA,Valence,AN,Eyes,0.3
AYA,Valence,AN,NA,0.4
AYA,Valence,AN,Outside,0.3
AYA,Valence,NE,NA,0.8
AYA,Valence,NE,Outside,0.2
CHN,Arousal,AN,Eyes,0.2
CHN,Arousal,AN,Mouth,0.06666666666666667
CHN,Arousal,AN,NA,0.3333333333333333
CHN,Arousal,AN,Nose,0.3333333333333333
CHN,Arousal,AN,Outside,0.06666666666666667
CHN,Arousal,HA,Eyes,0.4
CHN,Arousal,HA,Mouth,0.05
CHN,Arousal,HA,NA,0.2
CHN,Arousal,HA,Nose,0.15
CHN,Arousal,HA,Outside,0.2
CHN,Arousal,NE,Eyes,0.15
CHN,Arousal,NE,Mouth,0.1
CHN,Arousal,NE,NA,0.25
CHN,Arousal,NE,Nose,0.2
CHN,Arousal,NE,Outside,0.3
CHN,Categorisation,AN,NA,0.6
CHN,Categorisation,AN,Nose,0.15
CHN,Categorisation,AN,Outside,0.25
CHN,Categorisation,HA,Eyes,0.15
CHN,Categorisation,HA,NA,0.35
CHN,Categorisation,HA,Nose,0.2
CHN,Categorisation,HA,Outside,0.3
CHN,Categorisation,NE,Eyes,0.3333333333333333
CHN,Categorisation,NE,Mouth,0.06666666666666667
CHN,Categorisation,NE,NA,0.4666666666666667
CHN,Categorisation,NE,Nose,0.06666666666666667
CHN,Categorisation,NE,Outside,0.06666666666666667
CHN,Valence,AN,Eyes,0.25
CHN,Valence,AN,Nose,0.3
CHN,Valence,AN,Outside,0.45
CHN,Valence,HA,Eyes,0.15
CHN,Valence,HA,Mouth,0.15
CHN,Valence,HA,NA,0.2
CHN,Valence,HA,Nose,0.15
CHN,Valence,HA,Outside,0.35
CHN,Valence,NE,Eyes,0.5
CHN,Valence,NE,Nose,0.2
CHN,Valence,NE,Outside,0.3
DEP,Arousal,AN,Eyes,0.3333333333333333
DEP,Arousal,AN,NA,0.26666666666666666
DEP,Arousal,AN,Nose,0.26666666666666666
DEP,Arousal,AN,Outside,0.13333333333333333
DEP,Arousal,HA,Mouth,0.4
DEP,Arousal,HA,Nose,0.4
DEP,Arousal,HA,Outside,0.2
DEP,Categorisation,AN,Eyes,0.4
DEP,Categorisation,AN,NA,0.3
DEP,Categorisation,AN,Outside,0.3
DEP,Valence,AN,Eyes,1.0
DEP,Valence,HA,Eyes,0.4
DEP,Valence,HA,NA,0.6
DEP,Valence,NE,Eyes,0.4
DEP,Valence,NE,NA,0.6
DES,Arousal,AN,Eyes,0.4
DES,Arousal,AN,Nose,0.4
DES,Arousal,AN,Outside,0.2
DES,Arousal,NE,Eyes,0.5
DES,Arousal,NE,Nose,0.3
DES,Arousal,NE,Outside,0.2
DES,Categorisation,AN,Eyes,1.0
DES,Categorisation,NE,Eyes,0.9
DES,Categorisation,NE,NA,0.1
DES,Valence,AN,Eyes,0.8
DES,Valence,AN,Outside,0.2
DES,Valence,NE,Eyes,0.1
DES,Valence,NE,Mouth,0.3
DES,Valence,NE,Nose,0.4
DES,Valence,NE,Outside,0.2
DEV,Categorisation,NE,Eyes,0.2
DEV,Categorisation,NE,Mouth,0.1
DEV,Categorisation,NE,NA,0.5
DEV,Categorisation,NE,Nose,0.2
DEV,Valence,AN,NA,0.8
DEV,Valence,AN,Nose,0.2
DEV,Valence,NE,Eyes,0.1
DEV,Valence,NE,NA,0.3
DEV,Valence,NE,Nose,0.4
DEV,Valence,NE,Outside,0.2
DHA,Arousal,AN,Eyes,0.2
DHA,Arousal,AN,NA,0.06666666666666667
DHA,Arousal,AN,Nose,0.6
DHA,Arousal,AN,Outside,0.13333333333333333
DHA,Arousal,HA,Eyes,0.4666666666666667
DHA,Arousal,HA,NA,0.4666666666666667
DHA,Arousal,HA,Nose,0.06666666666666667
DHA,Categorisation,AN,Eyes,0.26666666666666666
DHA,Categorisation,AN,Mouth,0.06666666666666667
DHA,Categorisation,AN,NA,0.06666666666666667
DHA,Categorisation,AN,Nose,0.06666666666666667
DHA,Categorisation,AN,Outside,0.5333333333333333
DHA,Categorisation,HA,Eyes,0.4666666666666667
DHA,Categorisation,HA,NA,0.4
DHA,Categorisation,HA,Nose,0.06666666666666667
DHA,Categorisation,HA,Outside,0.06666666666666667
DHA,Valence,AN,Mouth,0.4
DHA,Valence,AN,Nose,0.4
DHA,Valence,AN,Outside,0.2
DHA,Valence,HA,Eyes,0.2
DHA,Valence,HA,NA,0.6
DHA,Valence,HA,Outside,0.2
DHA,Valence,NE,Eyes,0.2
DHA,Valence,NE,NA,0.4
DHA,Valence,NE,Nose,0.4
DHV,Arousal,AN,Eyes,0.6
DHV,Arousal,AN,Mouth,0.2
DHV,Arousal,AN,Outside,0.2
DHV,Arousal,NE,Eyes,0.3
DHV,Arousal,NE,NA,0.2
DHV,Arousal,NE,Nose,0.3
DHV,Arousal,NE,Outside,0.2
DHV,Categorisation,AN,Eyes,0.4
DHV,Categorisation,AN,NA,0.4
DHV,Categorisation,AN,Nose,0.2
DHV,Categorisation,NE,Eyes,0.5
DHV,Categorisation,NE,Outside,0.5
DHV,Valence,AN,Eyes,0.6
DHV,Valence,AN,Nose,0.4
DHV,Valence,NE,Mouth,0.2
DHV,Valence,NE,Nose,0.4
DHV,Valence,NE,Outside,0.4
HAH,Arousal,AN,Eyes,0.26666666666666666
HAH,Arousal,AN,Mouth,0.06666666666666667
HAH,Arousal,AN,NA,0.6
HAH,Arousal,AN,Outside,0.06666666666666667
HAH,Arousal,HA,Eyes,0.3
HAH,Arousal,HA,Mouth,0.05
HAH,Arousal,HA,NA,0.25
HAH,Arousal,HA,Nose,0.4
HAH,Arousal,NE,Outside,1.0
HAH,Categorisation,AN,Eyes,0.2
HAH,Categorisation,AN,NA,0.05
HAH,Categorisation,AN,Nose,0.55
HAH,Categorisation,AN,Outside,0.2
HAH,Categorisation,HA,Eyes,0.1
HAH,Categorisation,HA,NA,0.8
HAH,Categorisation,HA,Nose,0.1
HAH,Categorisation,NE,Eyes,0.06666666666666667
HAH,Categorisation,NE,NA,0.4
HAH,Categorisation,NE,Nose,0.4
HAH,Categorisation,NE,Outside,0.13333333333333333
HAH,Valence,AN,NA,0.25
HAH,Valence,AN,Nose,0.5
HAH,Valence,AN,Outside,0.25
HAH,Valence,HA,Eyes,0.13333333333333333
HAH,Valence,HA,NA,0.4666666666666667
HAH,Valence,HA,Outside,0.4
HAH,Valence,NE,Eyes,0.13333333333333333
HAH,Valence,NE,NA,0.6666666666666666
HAH,Valence,NE,Nose,0.2
HAM,Arousal,AN,Eyes,0.3333333333333333
HAM,Arousal,AN,NA,0.26666666666666666
HAM,Arousal,AN,Nose,0.26666666666666666
HAM,Arousal,AN,Outside,0.13333333333333333
HAM,Arousal,HA,Eyes,0.2
HAM,Arousal,HA,NA,0.4
HAM,Arousal,HA,Nose,0.3
HAM,Arousal,HA,Outside,0.1
HAM,Arousal,NE,Eyes,0.2
HAM,Arousal,NE,Nose,0.6
HAM,Arousal,NE,Outside,0.2
HAM,Categorisation,AN,Eyes,0.6
HAM,Categorisation,AN,Nose,0.4
HAM,Categorisation,HA,NA,0.7333333333333333
HAM,Categorisation,HA,Nose,0.26666666666666666
HAM,Categorisation,NE,Eyes,0.2
HAM,Categorisation,NE,NA,0.2
HAM,Categorisation,NE,Nose,0.2
HAM,Categorisation,NE,Outside,0.4
HAM,Valence,AN,Eyes,0.4666666666666667
HAM,Valence,AN,NA,0.26666666666666666
HAM,Valence,AN,Nose,0.2
HAM,Valence,AN,Outside,0.06666666666666667
HAM,Valence,HA,Eyes,0.4
HAM,Valence,HA,Nose,0.2
HAM,Valence,HA,Outside,0.4
HAM,Valence,NE,Mouth,0.4
HAM,Valence,NE,Nose,0.6
HAU,Arousal,AN,Eyes,0.2
HAU,Arousal,AN,NA,0.2
HAU,Arousal,AN,Nose,0.6
HAU,Arousal,NE,Eyes,0.5
HAU,Arousal,NE,NA,0.3
HAU,Arousal,NE,Nose,0.1
HAU,Arousal,NE,Outside,0.1
HAU,Categorisation,AN,NA,0.6
HAU,Categorisation,AN,Nose,0.4
HAU,Categorisation,NE,Eyes,0.5
HAU,Categorisation,NE,NA,0.3
HAU,Categorisation,NE,Outside,0.2
HAU,Valence,NE,Eyes,0.5
HAU,Valence,NE,NA,0.3
HAU,Valence,NE,Nose,0.2
HMN,Arousal,AN,Eyes,0.3
HMN,Arousal,AN,NA,0.2
HMN,Arousal,AN,Nose,0.4
HMN,Arousal,AN,Outside,0.1
HMN,Arousal,HA,Eyes,0.3
HMN,Arousal,HA,Mouth,0.05
HMN,Arousal,HA,NA,0.3
HMN,Arousal,HA,Nose,0.3
HMN,Arousal,HA,Outside,0.05
HMN,Arousal,NE,Eyes,0.4
HMN,Arousal,NE,Nose,0.4
HMN,Arousal,NE,Outside,0.2
HMN,Categorisation,AN,Eyes,0.2
HMN,Categorisation,AN,NA,0.7
HMN,Categorisation,AN,Nose,0.1
HMN,Categorisation,HA,Eyes,0.25
HMN,Categorisation,HA,NA,0.6
HMN,Categorisation,HA,Nose,0.15
HMN,Categorisation,NE,Eyes,0.5
HMN,Categorisation,NE,NA,0.4
HMN,Categorisation,NE,Nose,0.1
HMN,Valence,AN,Eyes,0.2
HMN,Valence,AN,NA,0.6
HMN,Valence,AN,Nose,0.1
HMN,Valence,AN,Outside,0.1
HMN,Valence,HA,Eyes,0.2
HMN,Valence,HA,NA,0.2
HMN,Valence,HA,Nose,0.4
HMN,Valence,HA,Outside,0.2
HMN,Valence,NE,Eyes,0.4
HMN,Valence,NE,NA,0.2
HMN,Valence,NE,Nose,0.4
JAY,Arousal,AN,Eyes,0.3
JAY,Arousal,AN,NA,0.4
JAY,Arousal,AN,Nose,0.3
JAY,Arousal,HA,Eyes,0.3
JAY,Arousal,HA,NA,0.4
JAY,Arousal,HA,Outside,0.3
JAY,Arousal,NE,Eyes,0.4
JAY,Arousal,NE,NA,0.6
JAY,Categorisation,AN,Eyes,0.13333333333333333
JAY,Categorisation,AN,NA,0.4
JAY,Categorisation,AN,Nose,0.13333333333333333
JAY,Categorisation,AN,Outside,0.3333333333333333
JAY,Categorisation,HA,Eyes,0.26666666666666666
JAY,Categorisation,HA,NA,0.6666666666666666
JAY,Categorisation,HA,Nose,0.06666666666666667
JAY,Categorisation,NE,NA,0.6
JAY,Categorisation,NE,Outside,0.4
JAY,Valence,AN,Eyes,0.26666666666666666
JAY,Valence,AN,NA,0.4
JAY,Valence,AN,Nose,0.2
JAY,Valence,AN,Outside,0.13333333333333333
JAY,Valence,HA,Eyes,0.2
JAY,Valence,HA,NA,0.8
JAY,Valence,NE,Eyes,0.1
JAY,Valence,NE,NA,0.7
JAY,Valence,NE,Nose,0.2
KRT,Arousal,AN,Eyes,0.06666666666666667
KRT,Arousal,AN,Mouth,0.13333333333333333
KRT,Arousal,AN,NA,0.2
KRT,Arousal,AN,Nose,0.26666666666666666
KRT,Arousal,AN,Outside,0.3333333333333333
KRT,Arousal,HA,Eyes,0.4
KRT,Arousal,HA,Outside,0.6
KRT,Arousal,NE,Eyes,0.2
KRT,Arousal,NE,NA,0.4
KRT,Arousal,NE,Nose,0.1
KRT,Arousal,NE,Outside,0.3
KRT,Categorisation,AN,Eyes,0.25
KRT,Categorisation,AN,NA,0.25
KRT,Categorisation,AN,Nose,0.25
KRT,Categorisation,AN,Outside,0.25
KRT,Categorisation,HA,Eyes,0.26666666666666666
KRT,Categorisation,HA,NA,0.6
KRT,Categorisation,HA,Outside,0.13333333333333333
KRT,Categorisation,NE,Eyes,0.3333333333333333
KRT,Categorisation,NE,NA,0.3333333333333333
KRT,Categorisation,NE,Nose,0.13333333333333333
KRT,Categorisation,NE,Outside,0.2
KRT,Valence,AN,Eyes,0.06666666666666667
KRT,Valence,AN,NA,0.4
KRT,Valence,AN,Nose,0.13333333333333333
KRT,Valence,AN,Outside,0.4
KRT,Valence,HA,Eyes,0.4
KRT,Valence,HA,Nose,0.2
KRT,Valence,HA,Outside,0.4
KRT,Valence,NE,Eyes,0.4666666666666667
KRT,Valence,NE,Mouth,0.06666666666666667
KRT,Valence,NE,NA,0.13333333333333333
KRT,Valence,NE,Nose,0.13333333333333333
KRT,Valence,NE,Outside,0.2
KUL,Arousal,AN,NA,0.7333333333333333
KUL,Arousal,AN,Nose,0.26666666666666666
KUL,Arousal,HA,Eyes,0.15
KUL,Arousal,HA,NA,0.15
KUL,Arousal,HA,Nose,0.5
KUL,Arousal,HA,Outside,0.2
KUL,Arousal,NE,Eyes,0.1
KUL,Arousal,NE,Mouth,0.1
KUL,Arousal,NE,NA,0.3
KUL,Arousal,NE,Nose,0.2
KUL,Arousal,NE,Outside,0.3
KUL,Categorisation,AN,Eyes,0.2
KUL,Categorisation,AN,Mouth,0.1
KUL,Categorisation,AN,NA,0.35
KUL,Categorisation,AN,Nose,0.25
KUL,Categorisation,AN,Outside,0.1
KUL,Categorisation,HA,Eyes,0.3
KUL,Categorisation,HA,NA,0.25
KUL,Categorisation,HA,Nose,0.25
KUL,Categorisation,HA,Outside,0.2
KUL,Categorisation,NE,NA,0.26666666666666666
KUL,Categorisation,NE,Nose,0.4666666666666667
KUL,Categorisation,NE,Outside,0.26666666666666666
KUL,Valence,AN,Eyes,0.13333333333333333
KUL,Valence,AN,Mouth,0.13333333333333333
KUL,Valence,AN,NA,0.26666666666666666
KUL,Valence,AN,Nose,0.4
KUL,Valence,AN,Outside,0.06666666666666667
KUL,Valence,HA,Eyes,0.35
KUL,Valence,HA,NA,0.3
KUL,Valence,HA,Nose,0.35
KUL,Valence,NE,NA,0.3
KUL,Valence,NE,Nose,0.6
KUL,Valence,NE,Outside,0.1
LOV,Arousal,AN,Eyes,0.15
LOV,Arousal,AN,NA,0.2
LOV,Arousal,AN,Nose,0.3
LOV,Arousal,AN,Outside,0.35
LOV,Arousal,HA,Eyes,0.13333333333333333
LOV,Arousal,HA,Mouth,0.06666666666666667
LOV,Arousal,HA,NA,0.2
LOV,Arousal,HA,Nose,0.2
LOV,Arousal,HA,Outside,0.4
LOV,Arousal,NE,Eyes,0.15
LOV,Arousal,NE,Mouth,0.05
LOV,Arousal,NE,NA,0.4
LOV,Arousal,NE,Nose,0.2
LOV,Arousal,NE,Outside,0.2
LOV,Categorisation,AN,Eyes,0.2
LOV,Categorisation,AN,NA,0.4
LOV,Categorisation,AN,Nose,0.3
LOV,Categorisation,AN,Outside,0.1
LOV,Categorisation,HA,Eyes,0.5
LOV,Categorisation,HA,NA,0.35
LOV,Categorisation,HA,Nose,0.1
LOV,Categorisation,HA,Outside,0.05
LOV,Categorisation,NE,Eyes,0.05
LOV,Categorisation,NE,NA,0.2
LOV,Categorisation,NE,Nose,0.2
LOV,Categorisation,NE,Outside,0.55
LOV,Valence,AN,Eyes,0.2
LOV,Valence,AN,Nose,0.6
LOV,Valence,AN,Outside,0.2
LOV,Valence,HA,Eyes,0.15
LOV,Valence,HA,Nose,0.5
LOV,Valence,HA,Outside,0.35
LOV,Valence,NE,Eyes,0.25
LOV,Valence,NE,NA,0.3
LOV,Valence,NE,Nose,0.4
LOV,Valence,NE,Outside,0.05
MAL,Arousal,AN,Eyes,0.2
MAL,Arousal,AN,Mouth,0.2
MAL,Arousal,AN,Nose,0.2
MAL,Arousal,AN,Outside,0.4
MAL,Arousal,HA,Eyes,0.2
MAL,Arousal,HA,Mouth,0.1
MAL,Arousal,HA,NA,0.6
MAL,Arousal,HA,Outside,0.1
MAL,Arousal,NE,Eyes,0.1
MAL,Arousal,NE,NA,0.1
MAL,Arousal,NE,Nose,0.7
MAL,Arousal,NE,Outside,0.1
MAL,Categorisation,AN,Eyes,0.1
MAL,Categorisation,AN,Mouth,0.3
MAL,Categorisation,AN,Nose,0.1
MAL,Categorisation,AN,Outside,0.5
MAL,Categorisation,HA,Mouth,0.2
MAL,Categorisation,HA,Nose,0.5
MAL,Categorisation,HA,Outside,0.3
MAL,Categorisation,NE,Mouth,0.2
MAL,Categorisation,NE,NA,0.4
MAL,Categorisation,NE,Nose,0.2
MAL,Categorisation,NE,Outside,0.2
MAL,Valence,AN,Eyes,0.4
MAL,Valence,AN,Mouth,0.06666666666666667
MAL,Valence,AN,NA,0.06666666666666667
MAL,Valence,AN,Nose,0.2
MAL,Valence,AN,Outside,0.26666666666666666
MAL,Valence,HA,Eyes,0.4
MAL,Valence,HA,Mouth,0.06666666666666667
MAL,Valence,HA,NA,0.26666666666666666
MAL,Valence,HA,Nose,0.2
MAL,Valence,HA,Outside,0.06666666666666667
MAL,Valence,NE,NA,0.6
MAL,Valence,NE,Nose,0.4
NAN,Arousal,HA,Eyes,0.1
NAN,Arousal,HA,NA,0.5
NAN,Arousal,HA,Nose,0.2
NAN,Arousal,HA,Outside,0.2
NAN,Arousal,NE,Eyes,0.5
NAN,Arousal,NE,NA,0.1
NAN,Arousal,NE,Nose,0.2
NAN,Arousal,NE,Outside,0.2
NAN,Categorisation,AN,Eyes,0.2
NAN,Categorisation,AN,NA,0.3
NAN,Categorisation,AN,Nose,0.2
NAN,Categorisation,AN,Outside,0.3
NAN,Categorisation,HA,Eyes,0.2
NAN,Categorisation,HA,Mouth,0.06666666666666667
NAN,Categorisation,HA,NA,0.4666666666666667
NAN,Categorisation,HA,Nose,0.26666666666666666
NAN,Categorisation,NE,Eyes,0.1
NAN,Categorisation,NE,NA,0.4
NAN,Categorisation,NE,Nose,0.5
NAN,Valence,AN,Eyes,0.3
NAN,Valence,AN,NA,0.1
NAN,Valence,AN,Nose,0.4
NAN,Valence,AN,Outside,0.2
NAN,Valence,HA,Eyes,0.3
NAN,Valence,HA,NA,0.3
NAN,Valence,HA,Outside,0.4
NAN,Valence,NE,Eyes,0.1
NAN,Valence,NE,NA,0.3
NAN,Valence,NE,Nose,0.5
NAN,Valence,NE,Outside,0.1
NIS,Arousal,AN,NA,0.7
NIS,Arousal,AN,Nose,0.1
NIS,Arousal,AN,Outside,0.2
NIS,Arousal,NE,Eyes,0.4
NIS,Arousal,NE,Mouth,0.2
NIS,Arousal,NE,Nose,0.4
NIS,Categorisation,AN,Eyes,0.2
NIS,Categorisation,AN,NA,0.8
NIS,Categorisation,HA,Eyes,0.2
NIS,Categorisation,HA,NA,0.8
NIS,Categorisation,NE,Eyes,0.2
NIS,Categorisation,NE,NA,0.2
NIS,Categorisation,NE,Nose,0.3
NIS,Categorisation,NE,Outside,0.3
NIS,Valence,AN,Eyes,0.2
NIS,Valence,AN,NA,0.7
NIS,Valence,AN,Nose,0.1
NIS,Valence,HA,Eyes,0.2
NIS,Valence,HA,NA,0.4
NIS,Valence,HA,Outside,0.4
NIS,Valence,NE,Eyes,0.1
NIS,Valence,NE,NA,0.8
NIS,Valence,NE,Nose,0.1
PRA,Arousal,AN,Eyes,0.1
PRA,Arousal,AN,NA,0.3
PRA,Arousal,AN,Nose,0.3
PRA,Arousal,AN,Outside,0.3
PRA,Arousal,HA,Eyes,0.35
PRA,Arousal,HA,NA,0.45
PRA,Arousal,HA,Nose,0.15
PRA,Arousal,HA,Outside,0.05
PRA,Arousal,NE,Eyes,0.2
PRA,Arousal,NE,NA,0.45
PRA,Arousal,NE,Nose,0.15
PRA,Arousal,NE,Outside,0.2
PRA,Categorisation,AN,Eyes,0.3
PRA,Categorisation,AN,Mouth,0.1
PRA,Categorisation,AN,NA,0.2
PRA,Categorisation,AN,Nose,0.3
PRA,Categorisation,AN,Outside,0.1
PRA,Categorisation,HA,Eyes,0.1
PRA,Categorisation,HA,NA,0.7
PRA,Categorisation,HA,Nose,0.15
PRA,Categorisation,HA,Outside,0.05
PRA,Categorisation,NE,NA,0.6
PRA,Categorisation,NE,Nose,0.3
PRA,Categorisation,NE,Outside,0.1
PRA,Valence,AN,Mouth,0.13333333333333333
PRA,Valence,AN,NA,0.2
PRA,Valence,AN,Nose,0.26666666666666666
PRA,Valence,AN,Outside,0.4
PRA,Valence,HA,Eyes,0.05
PRA,Valence,HA,Mouth,0.1
PRA,Valence,HA,NA,0.25
PRA,Valence,HA,Nose,0.5
PRA,Valence,HA,Outside,0.1
PRA,Valence,NE,Eyes,0.2
PRA,Valence,NE,NA,0.35
PRA,Valence,NE,Nose,0.3
PRA,Valence,NE,Outside,0.15
PRT,Arousal,AN,NA,0.8
PRT,Arousal,AN,Outside,0.2
PRT,Arousal,NE,Mouth,0.2
PRT,Arousal,NE,NA,0.6
PRT,Arousal,NE,Outside,0.2
PRT,Categorisation,AN,NA,0.8
PRT,Categorisation,AN,Nose,0.2
PRT,Categorisation,NE,NA,0.5
PRT,Categorisation,NE,Outside,0.5
PRT,Valence,AN,NA,0.4
PRT,Valence,AN,Outside,0.6
PRT,Valence,NE,NA,0.4
PRT,Valence,NE,Outside,0.6
SHI,Arousal,AN,Eyes,0.6
SHI,Arousal,AN,Outside,0.4
SHI,Arousal,HA,NA,0.25
SHI,Arousal,HA,Nose,0.15
SHI,Arousal,HA,Outside,0.6
SHI,Arousal,NE,Eyes,0.2
SHI,Arousal,NE,Mouth,0.1
SHI,Arousal,NE,NA,0.3
SHI,Arousal,NE,Nose,0.15
SHI,Arousal,NE,Outside,0.25
SHI,Categorisation,AN,Eyes,0.3
SHI,Categorisation,AN,Mouth,0.1
SHI,Categorisation,AN,NA,0.15
SHI,Categorisation,AN,Nose,0.15
SHI,Categorisation,AN,Outside,0.3
SHI,Categorisation,HA,Mouth,0.05
SHI,Categorisation,HA,NA,0.45
SHI,Categorisation,HA,Nose,0.4
SHI,Categorisation,HA,Outside,0.1
SHI,Categorisation,NE,Eyes,0.6
SHI,Categorisation,NE,Outside,0.4
SHI,Valence,AN,Eyes,0.2
SHI,Valence,AN,NA,0.26666666666666666
SHI,Valence,AN,Nose,0.13333333333333333
SHI,Valence,AN,Outside,0.4
SHI,Valence,HA,Eyes,0.06666666666666667
SHI,Valence,HA,NA,0.13333333333333333
SHI,Valence,HA,Nose,0.26666666666666666
SHI,Valence,HA,Outside,0.5333333333333333
SHI,Valence,NE,Eyes,0.2
SHI,Valence,NE,Mouth,0.1
SHI,Valence,NE,NA,0.2
SHI,Valence,NE,Nose,0.3
SHI,Valence,NE,Outside,0.2
SKR,Arousal,AN,Eyes,0.13333333333333333
SKR,Arousal,AN,NA,0.26666666666666666
SKR,Arousal,AN,Nose,0.26666666666666666
SKR,Arousal,AN,Outside,0.3333333333333333
SKR,Arousal,HA,Nose,0.4
SKR,Arousal,HA,Outside,0.6
SKR,Arousal,NE,Eyes,0.2
SKR,Arousal,NE,Mouth,0.1
SKR,Arousal,NE,NA,0.1
SKR,Arousal,NE,Nose,0.6
SKR,Categorisation,AN,Eyes,0.26666666666666666
SKR,Categorisation,AN,Mouth,0.26666666666666666
SKR,Categorisation,AN,NA,0.06666666666666667
SKR,Categorisation,AN,Nose,0.3333333333333333
SKR,Categorisation,AN,Outside,0.06666666666666667
SKR,Categorisation,NE,NA,0.6
SKR,Categorisation,NE,Outside,0.4
SKR,Valence,AN,Eyes,0.13333333333333333
SKR,Valence,AN,NA,0.7333333333333333
SKR,Valence,AN,Nose,0.13333333333333333
SKR,Valence,HA,NA,0.8
SKR,Valence,HA,Nose,0.2
SKR,Valence,NE,NA,0.6
SKR,Valence,NE,Nose,0.4
SYE,Arousal,AN,Eyes,0.6
SYE,Arousal,AN,Outside,0.4
SYE,Arousal,HA,Eyes,0.25
SYE,Arousal,HA,Mouth,0.15
SYE,Arousal,HA,Nose,0.05
SYE,Arousal,HA,Outside,0.55
SYE,Arousal,NE,Eyes,0.45
SYE,Arousal,NE,Mouth,0.1
SYE,Arousal,NE,NA,0.05
SYE,Arousal,NE,Nose,0.2
SYE,Arousal,NE,Outside,0.2
SYE,Categorisation,AN,Eyes,0.4
SYE,Categorisation,AN,Mouth,0.05
SYE,Categorisation,AN,NA,0.15
SYE,Categorisation,AN,Nose,0.15
SYE,Categorisation,AN,Outside,0.25
SYE,Categorisation,HA,Eyes,0.2
SYE,Categorisation,HA,Mouth,0.1
SYE,Categorisation,HA,NA,0.4
SYE,Categorisation,HA,Nose,0.2
SYE,Categorisation,HA,Outside,0.1
SYE,Categorisation,NE,Eyes,0.5
SYE,Categorisation,NE,Mouth,0.05
SYE,Categorisation,NE,Nose,0.35
SYE,Categorisation,NE,Outside,0.1
SYE,Valence,AN,Eyes,0.4666666666666667
SYE,Valence,AN,Mouth,0.13333333333333333
SYE,Valence,AN,Nose,0.26666666666666666
SYE,Valence,AN,Outside,0.13333333333333333
SYE,Valence,HA,Eyes,0.35
SYE,Valence,HA,Mouth,0.15
SYE,Valence,HA,NA,0.05
SYE,Valence,HA,Nose,0.05
SYE,Valence,HA,Outside,0.4
SYE,Valence,NE,Eyes,0.2
SYE,Valence,NE,Mouth,0.1
SYE,Valence,NE,Nose,0.4
SYE,Valence,NE,Outside,0.3
TSH,Arousal,AN,Eyes,0.2
TSH,Arousal,AN,NA,0.8
TSH,Categorisation,AN,Mouth,0.1
TSH,Categorisation,AN,NA,0.4
TSH,Categorisation,AN,Nose,0.1
TSH,Categorisation,AN,Outside,0.4
TSH,Categorisation,NE,Eyes,0.06666666666666667
TSH,Categorisation,NE,Mouth,0.2
TSH,Categorisation,NE,NA,0.6666666666666666
TSH,Categorisation,NE,Outside,0.06666666666666667
TSH,Valence,HA,NA,0.8
TSH,Valence,HA,Nose,0.2
VIL,Arousal,AN,Eyes,0.1
VIL,Arousal,AN,Mouth,0.1
VIL,Arousal,AN,Nose,0.8
VIL,Arousal,HA,Eyes,0.05
VIL,Arousal,HA,NA,0.7
VIL,Arousal,HA,Nose,0.25
VIL,Arousal,NE,Eyes,0.1
VIL,Arousal,NE,NA,0.8
VIL,Arousal,NE,Nose,0.1
VIL,Categorisation,AN,Eyes,0.13333333333333333
VIL,Categorisation,AN,Mouth,0.06666666666666667
VIL,Categorisation,AN,NA,0.4
VIL,Categorisation,AN,Nose,0.3333333333333333
VIL,Categorisation,AN,Outside,0.06666666666666667
VIL,Categorisation,HA,Eyes,0.2
VIL,Categorisation,HA,NA,0.45
VIL,Categorisation,HA,Nose,0.3
VIL,Categorisation,HA,Outside,0.05
VIL,Categorisation,NE,NA,0.7333333333333333
VIL,Categorisation,NE,Nose,0.06666666666666667
VIL,Categorisation,NE,Outside,0.2
VIL,Valence,AN,NA,0.6666666666666666
VIL,Valence,AN,Nose,0.3333333333333333
VIL,Valence,HA,Eyes,0.06666666666666667
VIL,Valence,HA,NA,0.6666666666666666
VIL,Valence,HA,Nose,0.26666666666666666
VIL,Valence,NE,Eyes,0.1
VIL,Valence,NE,NA,0.8
VIL,Valence,NE,Nose,0.1
VIP,Categorisation,NE,Eyes,0.2
VIP,Categorisation,NE,NA,0.2
VIP,Categorisation,NE,Nose,0.4
VIP,Categorisation,NE,Outside,0.2
